{"cameraMode":{"drawMode":0,"name":"Shaded","section":"Shading Mode"},"sceneLighting":true,"audioPlay":false,"sceneViewState":{"m_AlwaysRefresh":false,"showFog":true,"showSkybox":true,"showFlares":true,"showImageEffects":true,"showParticleSystems":true,"showVisualEffectGraphs":true,"m_FxEnabled":false},"in2DMode":false,"pivot":{"x":11.904362678527832,"y":38.61421203613281,"z":133.58096313476563},"rotation":{"x":-0.09914699196815491,"y":-0.7410109043121338,"z":0.11222469061613083,"w":-0.6546199917793274},"size":442.26483154296877,"orthographic":false}