{"cameraMode":{"drawMode":0,"name":"Shaded","section":"Shading Mode"},"sceneLighting":true,"audioPlay":false,"sceneViewState":{"m_AlwaysRefresh":false,"showFog":true,"showSkybox":true,"showFlares":true,"showImageEffects":true,"showParticleSystems":true,"showVisualEffectGraphs":true,"m_FxEnabled":false},"in2DMode":false,"pivot":{"x":28.888973236083986,"y":107.648681640625,"z":178.8706512451172},"rotation":{"x":0.16967609524726869,"y":-0.3185041844844818,"z":0.058071527630090716,"w":0.9308251738548279},"size":158.16946411132813,"orthographic":false}